Customer_ID,Age,Income,Loan_Amount,Loan_Term_Months,Credit_Score,Employment_Status,Marital_Status,Number_of_Dependents,Previous_Defaults,Debt_to_Income_Ratio,Loan_Default
1,59,36727,27360,60,601,Self-Employed,Married,0,0,0.3,0
2,49,54304,34055,60,395,Employed,Divorced,0,0,0.11,1
3,35,52477,47891,48,489,Employed,Single,3,0,0.27,1
4,63,58534,21376,48,752,Employed,Married,4,0,0.59,1
5,28,36877,11588,36,491,Employed,Married,1,0,0.54,0
6,41,43994,30000,36,785,Self-Employed,Single,0,0,0.26,0
7,59,57640,11304,12,565,Self-Employed,Married,0,0,0.39,1
8,39,68709,12345,12,723,Employed,Single,3,0,0.52,1
9,43,64488,34300,48,427,Employed,Married,4,0,0.32,1
10,31,51230,29259,48,537,Employed,Married,4,0,0.11,1
11,31,42689,30470,12,654,Employed,Married,3,1,0.14,1
12,44,56057,28017,12,411,Employed,Married,0,0,0.36,1
13,56,33629,20352,24,745,Employed,Married,1,0,0.58,0
14,60,37744,38365,24,642,Employed,Single,0,0,0.45,1
15,44,72646,24446,12,444,Employed,Single,4,0,0.14,0
16,23,56030,7336,24,364,Employed,Married,0,0,0.19,1
17,42,44787,14879,60,546,Employed,Single,1,0,0.49,1
18,22,62437,37316,48,789,Employed,Single,2,1,0.52,0
19,44,69304,38340,48,738,Self-Employed,Married,0,0,0.41,0
20,64,43330,12521,12,405,Employed,Single,3,0,0.42,0
21,50,43588,11171,36,480,Employed,Single,2,0,0.11,1
22,58,41710,28481,12,483,Unemployed,Married,3,0,0.51,1
23,22,64457,23474,24,525,Employed,Single,3,0,0.49,1
24,41,64603,49629,36,388,Employed,Divorced,3,0,0.23,1
25,53,70788,26008,24,829,Employed,Married,0,0,0.45,1
26,32,65129,6633,60,670,Employed,Married,4,1,0.21,1
27,42,25516,17485,24,698,Employed,Single,2,0,0.12,1
28,64,54214,48617,60,405,Employed,Married,1,1,0.2,1
29,45,34124,8648,60,570,Employed,Married,4,0,0.19,0
30,47,42306,18140,24,802,Self-Employed,Married,0,0,0.27,0
31,62,52558,22921,24,824,Employed,Single,3,0,0.31,0
32,48,62533,19357,60,331,Employed,Married,1,0,0.35,1
33,36,36637,8137,36,692,Self-Employed,Married,2,1,0.34,1
34,35,15129,5097,60,339,Employed,Married,4,0,0.24,0
35,64,52707,16407,48,517,Self-Employed,Married,4,0,0.11,1
36,23,89653,35575,60,381,Employed,Married,1,0,0.4,1
37,57,46957,17722,36,500,Self-Employed,Married,0,0,0.3,1
38,27,50703,17924,48,746,Employed,Single,2,1,0.25,1
39,41,76732,8750,12,727,Self-Employed,Married,1,0,0.53,1
40,29,58854,32733,12,337,Unemployed,Single,3,0,0.47,1
41,59,53252,13535,36,510,Employed,Married,2,0,0.53,0
42,38,56631,29487,60,743,Employed,Single,4,1,0.35,0
43,24,53753,35651,24,626,Employed,Married,1,0,0.17,0
44,45,32903,9666,36,526,Employed,Single,4,0,0.45,1
45,34,29878,21994,48,347,Employed,Married,4,0,0.2,0
46,29,78302,6727,48,317,Employed,Married,4,0,0.32,1
47,46,52758,39622,12,738,Employed,Single,0,0,0.13,0
48,22,51501,15800,48,486,Employed,Single,4,0,0.51,0
49,40,48646,42823,36,644,Employed,Single,3,0,0.16,0
50,48,61716,48039,48,523,Employed,Married,3,0,0.55,1
51,27,88080,23708,36,787,Employed,Married,2,0,0.53,0
52,64,57859,17819,24,528,Employed,Married,4,0,0.33,1
53,28,41178,14369,12,689,Employed,Single,4,0,0.47,1
54,55,47998,14283,48,487,Employed,Married,1,1,0.41,1
55,34,66064,35573,36,569,Employed,Married,0,1,0.5,1
56,37,41257,18171,60,609,Employed,Married,2,0,0.32,1
57,56,62783,35933,12,431,Employed,Married,4,0,0.49,1
58,60,15188,10774,24,371,Self-Employed,Single,1,0,0.33,1
59,24,46551,11519,36,486,Employed,Single,0,0,0.57,0
60,22,59422,15983,24,785,Employed,Single,2,0,0.34,1
61,26,69051,35932,24,490,Employed,Single,2,0,0.33,1
62,62,37722,35798,48,721,Self-Employed,Single,4,0,0.49,1
63,24,27458,23133,48,419,Unemployed,Single,2,1,0.51,1
64,49,46088,19939,36,519,Employed,Single,1,0,0.38,0
65,38,33118,5781,60,352,Employed,Divorced,2,0,0.19,1
66,46,47764,32624,36,750,Self-Employed,Married,3,0,0.33,1
67,64,49900,11823,60,711,Employed,Married,1,0,0.58,0
68,54,30212,23489,24,536,Employed,Married,0,0,0.48,0
69,30,62066,44961,12,705,Employed,Single,0,0,0.51,0
70,56,47641,34118,36,721,Employed,Married,4,0,0.12,1
71,34,66206,39881,36,546,Unemployed,Single,4,0,0.33,0
72,51,22326,21280,60,371,Unemployed,Married,3,1,0.42,1
73,35,34742,27263,24,484,Self-Employed,Single,0,0,0.52,1
74,28,57750,18565,24,305,Employed,Divorced,0,0,0.12,1
75,34,38013,25354,60,505,Self-Employed,Single,0,0,0.53,0
76,43,47531,47951,24,843,Employed,Single,0,0,0.37,0
77,60,50010,30643,48,686,Employed,Divorced,2,0,0.2,0
78,41,52373,28648,12,375,Self-Employed,Single,1,0,0.26,0
79,36,39836,46971,36,476,Employed,Married,1,1,0.24,1
80,38,52239,23658,12,648,Employed,Married,3,1,0.37,1
81,44,38261,26253,36,554,Employed,Married,2,0,0.13,1
82,46,60114,31390,48,607,Self-Employed,Divorced,0,1,0.18,1
83,45,48277,28128,24,644,Employed,Divorced,0,0,0.51,1
84,61,52325,18489,60,426,Employed,Single,4,0,0.17,0
85,49,88548,43314,48,586,Employed,Married,4,0,0.22,1
86,35,33393,37658,12,786,Self-Employed,Married,3,0,0.33,0
87,21,70828,11852,60,682,Self-Employed,Married,0,0,0.36,0
88,45,10109,34450,24,705,Employed,Single,3,0,0.48,1
89,27,18824,7551,48,687,Employed,Married,2,0,0.32,0
90,29,31390,11411,60,824,Employed,Divorced,1,0,0.49,1
91,44,32337,38243,48,575,Unemployed,Divorced,0,0,0.41,0
92,21,53055,26800,48,799,Employed,Married,2,1,0.16,1
93,64,54347,15403,24,636,Unemployed,Single,0,0,0.18,1
94,28,46177,12239,36,780,Employed,Single,4,0,0.32,0
95,44,47751,11710,60,572,Self-Employed,Married,3,0,0.3,0
96,31,57916,26384,24,357,Self-Employed,Married,4,0,0.47,0
97,37,62498,26038,48,627,Employed,Married,1,0,0.39,0
98,28,30101,45846,24,408,Unemployed,Single,4,0,0.29,1
99,55,44571,27447,36,578,Employed,Married,0,0,0.19,1
100,55,48956,7285,60,627,Employed,Married,4,0,0.21,0
101,53,57279,42991,36,614,Employed,Divorced,0,0,0.39,0
102,25,38409,18521,12,773,Self-Employed,Married,1,0,0.31,0
103,62,48661,11971,60,410,Employed,Single,4,0,0.36,1
104,59,50449,34139,36,528,Employed,Married,3,0,0.19,1
105,61,39432,24909,48,796,Employed,Single,3,1,0.43,1
106,48,39075,16531,60,455,Employed,Divorced,3,0,0.53,1
107,27,51481,19721,60,772,Employed,Single,4,0,0.23,0
108,29,48044,24206,24,571,Employed,Married,4,0,0.35,0
109,28,57507,42711,48,301,Self-Employed,Single,4,0,0.59,1
110,32,34201,11530,12,810,Employed,Married,0,1,0.27,1
111,54,44739,16116,36,585,Employed,Married,1,0,0.4,0
112,53,46561,5258,24,312,Employed,Married,3,0,0.15,1
113,43,62207,5282,36,797,Employed,Single,0,0,0.4,1
114,44,35893,18937,12,537,Self-Employed,Single,3,0,0.14,1
115,57,53519,6898,12,393,Unemployed,Single,0,0,0.58,1
116,55,53791,9135,60,637,Employed,Married,4,0,0.46,1
117,64,74695,11629,12,470,Self-Employed,Single,3,0,0.49,1
118,60,34893,48936,36,766,Self-Employed,Married,4,0,0.45,1
119,42,40141,24584,48,442,Self-Employed,Married,3,0,0.39,1
120,47,35939,28551,48,500,Employed,Married,2,1,0.32,1
121,55,24953,38380,60,479,Unemployed,Married,0,0,0.53,1
122,21,76470,22071,36,663,Employed,Married,2,0,0.58,0
123,55,31377,25074,36,778,Employed,Single,0,0,0.35,1
124,57,37755,30188,12,770,Employed,Married,1,0,0.57,0
125,34,69736,7307,36,683,Employed,Married,3,0,0.39,0
126,23,23703,44901,24,716,Employed,Single,1,0,0.37,1
127,21,61345,16205,12,607,Employed,Married,1,0,0.33,0
128,25,28804,10906,24,666,Employed,Married,0,0,0.2,0
129,46,68700,7591,60,300,Self-Employed,Married,2,0,0.1,0
130,34,17451,20149,48,343,Self-Employed,Single,4,1,0.22,1
131,59,23697,49918,60,397,Employed,Married,0,0,0.35,1
132,47,41826,44951,48,564,Self-Employed,Single,4,0,0.29,1
133,29,64577,30150,60,439,Self-Employed,Single,1,0,0.32,1
134,35,49535,36852,36,780,Self-Employed,Divorced,4,0,0.59,0
135,35,44964,47870,24,536,Employed,Married,2,0,0.28,0
136,46,70190,6283,48,371,Employed,Married,0,0,0.33,0
137,62,82328,38691,12,489,Unemployed,Single,2,0,0.17,1
138,33,60083,6125,24,567,Employed,Married,2,0,0.12,0
139,52,40657,6529,12,620,Employed,Married,0,0,0.49,0
140,59,43727,31170,24,406,Employed,Single,2,0,0.39,1
141,52,30673,13438,24,531,Employed,Married,3,0,0.48,1
142,24,51512,25095,60,341,Employed,Single,3,0,0.17,1
143,50,25556,21154,48,438,Employed,Married,3,0,0.39,0
144,57,58277,13004,48,572,Employed,Married,4,0,0.23,0
145,43,80083,14752,24,780,Self-Employed,Single,2,0,0.21,0
146,59,60763,48360,36,715,Self-Employed,Single,0,0,0.11,1
147,35,42962,31819,36,805,Employed,Single,0,0,0.17,1
148,63,57904,41632,12,723,Unemployed,Single,4,0,0.25,0
149,49,74308,31515,12,706,Employed,Married,0,0,0.16,0
150,56,73557,29217,60,689,Employed,Married,3,0,0.59,0
151,33,34943,28172,24,641,Self-Employed,Single,2,0,0.25,0
152,52,57654,37994,12,792,Self-Employed,Single,0,0,0.17,1
153,27,47628,20036,12,491,Unemployed,Married,0,0,0.2,1
154,42,62098,16739,24,798,Employed,Married,1,0,0.39,0
155,48,55754,37220,60,532,Self-Employed,Single,1,0,0.13,0
156,22,14454,14587,12,526,Employed,Single,1,0,0.53,1
157,62,44779,49517,60,670,Self-Employed,Married,2,0,0.58,1
158,26,52978,35129,48,438,Self-Employed,Single,3,1,0.22,1
159,48,28484,5645,60,448,Employed,Single,3,0,0.33,1
160,48,58715,35930,36,414,Employed,Married,3,0,0.11,1
161,64,27139,21299,36,749,Self-Employed,Married,2,0,0.42,0
162,64,38023,35090,60,362,Employed,Married,2,0,0.31,1
163,40,70119,26953,36,403,Employed,Married,1,0,0.24,1
164,50,36743,31475,48,572,Self-Employed,Married,0,0,0.2,1
165,31,58609,23888,24,305,Employed,Single,4,0,0.43,1
166,48,23696,48732,36,446,Self-Employed,Single,4,0,0.31,1
167,45,81219,21087,36,483,Employed,Single,0,0,0.19,0
168,59,45431,14346,60,327,Employed,Single,1,0,0.44,1
169,53,51429,5587,48,849,Self-Employed,Married,0,0,0.38,1
170,21,52685,17763,24,418,Employed,Married,0,0,0.53,0
171,47,59113,46945,60,592,Employed,Divorced,4,0,0.16,1
172,33,27212,9079,60,670,Self-Employed,Married,1,0,0.49,0
173,61,49919,41116,48,543,Employed,Single,2,0,0.44,1
174,23,40118,25215,24,517,Employed,Single,4,0,0.16,1
175,59,24656,30817,48,476,Employed,Married,2,0,0.45,1
176,26,64806,29765,24,598,Self-Employed,Married,1,0,0.32,1
177,28,44717,35112,48,357,Self-Employed,Married,0,1,0.57,1
178,47,53637,30556,60,568,Self-Employed,Married,3,1,0.17,1
179,29,52697,23099,60,607,Employed,Married,3,0,0.42,0
180,57,44977,48553,12,587,Self-Employed,Married,1,0,0.29,0
181,53,79625,11450,36,404,Employed,Single,3,0,0.58,0
182,62,49291,18230,48,527,Employed,Married,2,0,0.26,0
183,64,26630,34009,12,546,Employed,Married,3,0,0.58,0
184,44,43994,10433,36,793,Self-Employed,Single,1,0,0.55,0
185,35,57496,38866,48,382,Self-Employed,Married,1,1,0.24,1
186,52,57988,44864,24,485,Employed,Single,2,0,0.5,1
187,52,33683,23710,36,551,Employed,Divorced,3,0,0.6,0
188,44,63942,16439,60,654,Self-Employed,Single,3,0,0.23,1
189,61,23556,46855,12,509,Employed,Married,0,0,0.32,0
190,32,67162,21021,36,746,Unemployed,Single,4,0,0.36,1
191,59,30209,11416,36,759,Employed,Married,1,0,0.25,0
192,22,46606,11980,60,771,Employed,Single,0,0,0.11,0
193,23,65968,23058,48,669,Employed,Single,1,0,0.21,0
194,57,51794,16101,24,791,Employed,Married,0,0,0.24,0
195,37,62250,45718,60,436,Unemployed,Divorced,4,1,0.32,1
196,22,59279,37602,24,666,Employed,Single,0,0,0.19,0
197,22,69294,14122,48,483,Self-Employed,Single,1,0,0.54,0
198,48,65933,17576,36,586,Employed,Married,3,0,0.45,1
199,43,43193,32516,24,771,Employed,Married,1,0,0.14,1
200,57,59494,27433,12,674,Employed,Divorced,2,0,0.43,1
201,52,27101,6089,12,836,Employed,Single,2,1,0.43,0
202,53,49131,42346,60,810,Unemployed,Married,2,0,0.58,1
203,21,62277,14127,48,549,Employed,Single,2,0,0.1,0
204,39,52007,15487,60,809,Employed,Single,4,0,0.22,0
205,22,56699,5155,60,372,Employed,Married,3,0,0.56,0
206,64,46800,6958,60,581,Employed,Married,3,0,0.57,1
207,46,66936,15693,12,659,Employed,Married,1,0,0.46,1
208,52,48793,44112,12,309,Self-Employed,Single,0,0,0.48,1
209,26,43018,43547,60,510,Employed,Married,1,0,0.15,1
210,52,63297,33795,12,451,Employed,Married,1,1,0.36,1
211,24,28922,26447,48,304,Employed,Divorced,1,0,0.22,1
212,31,57515,41598,60,494,Unemployed,Single,1,0,0.19,1
213,37,34362,46814,12,582,Employed,Single,3,0,0.51,1
214,58,69168,30215,24,763,Employed,Single,0,0,0.17,0
215,44,46084,14794,60,412,Employed,Married,1,0,0.33,1
216,25,52024,38209,60,570,Employed,Single,3,0,0.57,1
217,54,56188,27424,48,462,Employed,Divorced,1,1,0.19,1
218,26,21054,42396,36,759,Employed,Single,2,0,0.59,1
219,42,40241,11370,36,404,Self-Employed,Married,1,0,0.6,1
220,31,65653,14528,48,581,Employed,Single,1,1,0.38,1
221,36,63016,33276,48,461,Self-Employed,Married,4,0,0.19,0
222,53,54245,49333,48,650,Employed,Divorced,2,0,0.26,1
223,29,29758,13179,36,733,Employed,Single,0,0,0.31,0
224,26,58782,21843,48,439,Employed,Divorced,1,0,0.25,0
225,36,60700,28952,12,770,Employed,Married,0,0,0.24,0
226,49,50705,38160,60,431,Self-Employed,Divorced,2,0,0.59,0
227,23,68347,49898,60,386,Employed,Married,1,0,0.18,1
228,40,39748,34516,24,482,Employed,Single,4,1,0.47,1
229,56,42352,15449,24,667,Employed,Single,3,0,0.1,0
230,39,12730,26125,60,428,Unemployed,Single,4,0,0.4,1
231,46,63797,12418,12,545,Employed,Single,4,0,0.56,0
232,23,54707,27746,36,677,Unemployed,Single,3,1,0.24,1
233,39,24772,7454,36,448,Employed,Single,3,0,0.19,0
234,40,23621,22761,12,732,Employed,Married,3,1,0.43,1
235,52,36910,20223,36,768,Employed,Married,1,0,0.46,0
236,27,61904,11701,48,745,Employed,Single,0,0,0.44,1
237,61,45494,7597,60,780,Employed,Single,0,0,0.26,0
238,53,37928,5141,60,593,Employed,Married,3,0,0.23,0
239,60,34908,7659,12,442,Unemployed,Single,4,0,0.58,1
240,59,34236,25980,36,549,Self-Employed,Single,2,0,0.56,0
241,38,20994,14031,24,601,Self-Employed,Single,3,0,0.33,0
242,60,31889,20037,24,324,Employed,Divorced,4,0,0.52,1
243,21,33941,43429,36,369,Employed,Married,4,0,0.33,1
244,31,60239,11142,24,411,Employed,Single,1,0,0.31,0
245,48,47514,17109,12,663,Self-Employed,Married,1,0,0.18,1
246,45,37616,27010,12,602,Unemployed,Married,0,0,0.31,1
247,43,84645,13787,36,770,Employed,Married,0,0,0.37,0
248,51,40041,47864,24,390,Employed,Married,2,0,0.11,1
249,50,67506,13472,12,829,Employed,Married,2,0,0.32,1
250,62,74316,28383,12,491,Employed,Single,2,0,0.49,1
251,55,26450,9249,48,541,Employed,Single,2,0,0.44,1
252,27,51109,39518,48,437,Employed,Married,4,0,0.42,0
253,36,42236,23351,12,644,Self-Employed,Married,4,0,0.55,1
254,46,41016,9088,36,479,Employed,Married,0,0,0.11,1
255,22,58330,20282,60,802,Employed,Married,1,0,0.38,0
256,21,40656,24330,60,502,Unemployed,Divorced,1,0,0.49,0
257,32,42560,47409,12,491,Employed,Single,3,0,0.37,1
258,25,47478,26778,12,304,Employed,Married,4,0,0.26,1
259,57,44399,29264,12,536,Employed,Married,2,0,0.17,0
260,52,32396,10075,36,610,Employed,Divorced,2,0,0.54,1
261,29,61938,15412,48,848,Employed,Divorced,3,0,0.34,0
262,61,65727,33365,12,355,Self-Employed,Married,1,0,0.54,1
263,55,55154,12230,12,742,Employed,Single,2,0,0.39,0
264,39,44351,16002,24,536,Employed,Married,1,0,0.44,0
265,36,39421,18947,36,496,Employed,Single,3,0,0.5,1
266,23,39445,18686,12,813,Employed,Married,1,1,0.43,1
267,40,85360,34304,24,748,Self-Employed,Divorced,1,0,0.3,0
268,44,64067,18074,60,659,Self-Employed,Single,1,0,0.36,0
269,53,37398,9493,12,329,Employed,Married,2,0,0.5,1
270,44,52470,39228,12,407,Self-Employed,Married,0,0,0.29,1
271,31,44561,19140,24,744,Employed,Married,4,0,0.29,0
272,28,58757,36655,36,737,Unemployed,Single,1,0,0.15,1
273,56,58152,48472,12,756,Employed,Married,1,1,0.56,1
274,58,66254,11816,60,794,Unemployed,Divorced,1,0,0.15,1
275,60,37241,16639,12,546,Self-Employed,Divorced,0,0,0.42,1
276,40,51571,34492,60,842,Employed,Single,3,0,0.31,1
277,55,23771,16240,48,738,Employed,Married,2,0,0.3,0
278,45,31139,37698,48,577,Unemployed,Married,0,0,0.44,0
279,55,63261,31957,60,410,Self-Employed,Single,1,0,0.13,1
280,45,35739,37808,36,684,Employed,Single,0,0,0.4,1
281,49,37386,10827,12,490,Self-Employed,Single,0,0,0.49,1
282,38,49875,37762,12,789,Employed,Divorced,0,0,0.51,1
283,38,60421,13259,48,725,Employed,Married,3,0,0.19,1
284,22,34087,19849,60,704,Employed,Married,4,0,0.55,0
285,55,-2212,21232,12,634,Employed,Single,2,0,0.43,1
286,36,36946,45572,12,508,Self-Employed,Married,3,0,0.54,1
287,61,68084,29173,36,321,Employed,Single,3,0,0.34,1
288,56,55147,10374,24,507,Self-Employed,Single,4,1,0.37,1
289,53,69858,26174,48,307,Employed,Married,3,1,0.56,1
290,24,33022,28567,48,828,Employed,Single,0,0,0.55,1
291,53,25409,40292,24,465,Employed,Married,0,0,0.32,1
292,34,56938,14277,12,795,Employed,Single,1,0,0.24,1
293,41,53600,36600,36,728,Employed,Married,3,0,0.3,0
294,40,54583,14885,36,462,Employed,Married,1,0,0.29,0
295,28,63994,5778,48,665,Employed,Married,2,0,0.24,0
296,27,56325,34165,36,825,Employed,Single,0,0,0.23,0
297,23,56084,6492,24,538,Employed,Single,2,0,0.53,0
298,37,60725,35462,12,371,Employed,Divorced,4,0,0.13,1
299,53,57536,18615,24,744,Self-Employed,Single,0,0,0.44,1
300,32,62861,49900,60,808,Unemployed,Married,2,0,0.19,1
301,42,65127,47946,48,568,Employed,Divorced,4,1,0.27,1
302,42,72975,12851,36,714,Employed,Single,2,0,0.13,0
303,50,40262,21288,60,544,Employed,Single,4,0,0.23,0
304,58,57208,12156,36,359,Unemployed,Married,4,0,0.48,1
305,58,44445,7044,12,305,Employed,Divorced,0,0,0.54,1
306,28,37496,12368,12,706,Employed,Divorced,1,0,0.21,0
307,47,39656,24900,12,516,Employed,Married,4,0,0.33,0
308,47,57424,35600,36,325,Employed,Married,4,0,0.34,0
309,54,56273,30634,60,304,Employed,Single,0,0,0.54,1
310,41,56006,14168,12,831,Self-Employed,Divorced,1,0,0.48,0
311,50,46614,25961,60,689,Employed,Divorced,3,0,0.36,0
312,53,50051,49096,36,747,Employed,Single,3,0,0.44,0
313,48,62266,28852,60,445,Employed,Single,1,0,0.52,1
314,53,27659,38110,36,687,Employed,Single,2,0,0.1,0
315,25,50369,37174,36,548,Unemployed,Single,0,0,0.3,0
316,39,51349,39215,48,825,Employed,Married,1,1,0.55,1
317,24,61299,31955,36,761,Self-Employed,Single,3,0,0.47,0
318,55,29746,11581,36,312,Employed,Single,4,1,0.37,1
319,37,72427,49619,24,683,Employed,Single,3,0,0.36,1
320,64,53204,11317,12,698,Unemployed,Divorced,4,0,0.27,0
321,48,53998,47856,48,318,Employed,Married,0,1,0.36,1
322,50,43979,31649,48,790,Self-Employed,Married,4,0,0.43,0
323,49,58070,28132,48,718,Employed,Single,1,0,0.31,0
324,26,50719,21789,24,636,Self-Employed,Divorced,4,0,0.46,1
325,55,68134,19567,36,718,Employed,Married,2,0,0.53,0
326,61,28377,19868,12,421,Employed,Single,1,1,0.18,1
327,57,52633,29370,60,731,Self-Employed,Single,0,0,0.33,1
328,44,56127,47533,36,343,Unemployed,Single,1,0,0.3,1
329,49,47204,35483,24,616,Unemployed,Single,2,0,0.44,0
330,51,43930,17466,36,680,Self-Employed,Married,0,0,0.22,0
331,55,44555,33803,36,444,Self-Employed,Divorced,3,0,0.42,1
332,53,52619,23230,24,626,Employed,Married,2,0,0.54,0
333,41,22850,22862,48,662,Employed,Married,0,0,0.31,1
334,52,64475,48355,48,349,Employed,Married,4,0,0.56,1
335,43,42798,36259,12,364,Employed,Married,1,1,0.6,1
336,53,51917,38539,12,654,Employed,Married,0,0,0.15,0
337,23,55506,26909,48,463,Employed,Single,1,0,0.22,0
338,38,42112,35795,60,440,Employed,Single,4,0,0.58,0
339,45,48034,13770,36,427,Employed,Married,0,0,0.58,0
340,62,19471,16093,60,697,Employed,Single,3,0,0.15,1
341,51,60981,5193,36,762,Employed,Single,2,1,0.11,1
342,23,66201,39775,48,486,Employed,Married,0,0,0.18,1
343,60,24485,22569,12,489,Self-Employed,Divorced,4,1,0.6,1
344,44,43902,16190,12,687,Self-Employed,Married,0,0,0.19,0
345,52,31551,47752,60,728,Employed,Married,1,0,0.35,1
346,42,47333,37327,12,583,Employed,Married,0,0,0.52,0
347,43,59729,47070,48,536,Employed,Married,3,0,0.11,1
348,22,64809,25389,60,493,Employed,Married,0,0,0.4,1
349,47,66827,45197,36,586,Employed,Married,2,1,0.24,1
350,62,69658,7261,12,435,Employed,Married,0,0,0.53,0
351,22,46663,33369,24,470,Employed,Married,1,1,0.24,1
352,46,32795,31512,12,458,Employed,Married,0,0,0.44,1
353,37,48281,11716,36,500,Unemployed,Married,3,0,0.44,0
354,60,59499,26259,60,786,Unemployed,Single,4,0,0.21,1
355,53,31591,33933,36,803,Employed,Single,0,0,0.12,0
356,29,74902,46689,24,670,Employed,Single,0,1,0.3,1
357,63,63468,9378,48,402,Employed,Married,2,0,0.24,0
358,59,46901,45583,12,424,Employed,Single,3,0,0.5,1
359,49,39336,24835,60,612,Unemployed,Single,4,0,0.5,0
360,62,39963,34033,48,757,Employed,Married,1,0,0.33,0
361,46,51113,29000,36,529,Self-Employed,Single,0,0,0.4,1
362,55,46558,15332,60,496,Employed,Married,4,0,0.4,1
363,45,64257,47604,48,722,Unemployed,Single,1,0,0.51,1
364,44,44855,7800,60,470,Employed,Divorced,3,0,0.31,0
365,33,57582,34538,24,681,Self-Employed,Married,3,0,0.24,0
366,27,49566,35119,24,472,Employed,Married,4,0,0.23,1
367,56,54045,13333,12,752,Employed,Married,1,0,0.37,0
368,40,46549,10410,12,649,Employed,Married,3,0,0.32,0
369,21,60615,22839,24,793,Employed,Single,4,0,0.32,1
370,28,60838,35519,60,303,Unemployed,Single,3,0,0.15,1
371,36,56898,10808,24,392,Unemployed,Single,3,0,0.46,0
372,34,59112,11796,12,305,Self-Employed,Married,3,0,0.21,1
373,32,35834,26180,24,587,Employed,Married,2,0,0.2,0
374,43,54848,48056,24,445,Self-Employed,Married,1,0,0.31,1
375,35,68738,22709,60,723,Employed,Single,4,0,0.21,0
376,48,57371,22543,48,756,Employed,Married,4,0,0.39,0
377,54,34539,42418,12,501,Employed,Married,1,0,0.29,1
378,22,49253,34075,60,511,Employed,Married,1,0,0.32,1
379,52,55624,42755,24,305,Employed,Married,1,0,0.37,0
380,43,38639,42465,24,675,Employed,Single,1,0,0.2,1
381,42,29625,35502,48,746,Employed,Married,0,0,0.18,1
382,45,45258,21724,12,405,Self-Employed,Married,4,0,0.54,0
383,42,38887,8828,12,700,Employed,Single,0,0,0.32,0
384,42,49785,22087,36,395,Employed,Single,3,0,0.31,1
385,62,26128,17605,12,687,Employed,Married,3,0,0.12,0
386,26,58470,36337,48,751,Employed,Married,4,0,0.35,0
387,35,40480,10482,36,715,Employed,Married,3,0,0.38,0
388,63,64936,32005,36,803,Employed,Single,1,0,0.38,1
389,57,45846,27760,24,753,Employed,Married,0,0,0.45,0
390,53,49619,10463,24,590,Employed,Married,1,0,0.19,0
391,28,47404,9912,12,833,Employed,Married,3,1,0.23,1
392,64,39677,9648,36,492,Self-Employed,Married,0,0,0.51,1
393,64,87084,38623,24,449,Employed,Single,1,0,0.57,1
394,25,42562,40634,48,814,Employed,Married,4,0,0.17,1
395,59,65352,49602,24,692,Self-Employed,Single,1,1,0.35,1
396,24,33595,8112,24,615,Employed,Divorced,3,0,0.21,0
397,26,55581,27054,36,375,Employed,Married,0,0,0.13,1
398,52,57183,9492,36,569,Self-Employed,Married,4,0,0.26,0
399,50,49637,27207,60,524,Employed,Married,0,0,0.17,0
400,55,41434,20114,48,829,Employed,Divorced,4,1,0.45,1
401,60,46050,39285,36,412,Employed,Married,0,0,0.37,1
402,36,43950,21018,12,550,Employed,Married,3,0,0.17,0
403,33,86030,26386,48,532,Employed,Married,4,1,0.1,1
404,62,49660,22740,48,382,Employed,Married,2,0,0.5,1
405,50,57873,49199,36,424,Employed,Married,0,0,0.19,1
406,39,76724,13210,48,474,Employed,Single,0,0,0.4,1
407,37,36855,49363,36,368,Employed,Married,1,0,0.27,1
408,39,50564,17743,24,346,Employed,Single,4,0,0.39,1
409,48,45962,47092,60,555,Employed,Divorced,2,0,0.26,1
410,46,48707,49299,24,329,Employed,Single,3,0,0.14,1
411,57,47314,11588,36,580,Employed,Divorced,1,0,0.21,0
412,46,39021,8311,36,536,Unemployed,Married,2,0,0.19,1
413,43,52931,27432,24,547,Employed,Married,4,0,0.31,0
414,29,34060,38755,12,667,Employed,Married,2,1,0.43,1
415,32,64833,8321,12,794,Employed,Single,0,0,0.23,0
416,21,59349,20812,12,324,Employed,Single,0,0,0.11,0
417,21,42598,42383,36,789,Unemployed,Single,1,1,0.36,1
418,54,43325,18146,48,793,Employed,Married,4,0,0.4,0
419,52,54132,18654,36,613,Unemployed,Married,4,0,0.58,0
420,45,38021,40820,48,674,Employed,Married,2,0,0.39,0
421,60,77179,5726,24,324,Self-Employed,Single,1,0,0.34,0
422,21,55368,8760,60,633,Employed,Single,4,0,0.39,1
423,36,55898,27190,48,654,Self-Employed,Married,0,1,0.56,1
424,59,60221,6875,12,415,Employed,Divorced,2,0,0.51,1
425,25,41308,28377,36,347,Employed,Married,3,0,0.26,0
426,42,66335,9033,24,398,Employed,Married,0,0,0.22,1
427,49,51718,43211,12,758,Employed,Married,1,0,0.23,0
428,23,64252,22373,24,822,Unemployed,Single,4,0,0.35,0
429,32,47030,8744,60,704,Employed,Divorced,0,0,0.47,0
430,46,69759,29995,36,513,Employed,Married,3,0,0.35,1
431,36,56020,21977,36,802,Self-Employed,Single,3,0,0.13,0
432,57,82737,37402,60,747,Employed,Married,1,0,0.46,0
433,42,44457,39542,36,557,Unemployed,Single,0,0,0.5,1
434,49,53068,15651,48,420,Self-Employed,Divorced,2,0,0.24,0
435,34,34526,38703,24,353,Employed,Single,0,0,0.43,1
436,48,42060,18395,12,630,Self-Employed,Married,3,0,0.31,0
437,25,59280,34808,60,540,Employed,Single,1,0,0.54,1
438,50,66939,41576,48,829,Employed,Married,1,1,0.52,1
439,25,94475,21715,12,782,Employed,Married,2,0,0.36,0
440,32,48550,49409,12,486,Employed,Married,1,1,0.45,1
441,36,36001,29306,60,561,Self-Employed,Married,1,0,0.54,1
442,46,61299,24086,48,663,Unemployed,Married,1,1,0.35,1
443,46,33082,19376,12,790,Employed,Single,1,0,0.26,1
444,41,58464,10889,12,730,Employed,Single,1,1,0.48,1
445,59,42466,42822,48,538,Unemployed,Single,3,0,0.21,0
446,56,53173,41636,36,603,Employed,Divorced,0,0,0.29,0
447,53,66365,25584,12,597,Employed,Single,4,1,0.53,1
448,50,48338,39610,24,375,Employed,Married,1,0,0.46,0
449,57,63993,15058,48,632,Unemployed,Married,4,0,0.3,1
450,43,63097,14101,12,773,Employed,Single,4,0,0.21,0
451,30,22035,17497,60,582,Self-Employed,Single,3,1,0.28,1
452,25,36475,9658,24,371,Self-Employed,Single,1,0,0.24,0
453,56,26572,16381,12,562,Employed,Married,4,0,0.19,0
454,54,80026,45312,24,311,Employed,Single,1,0,0.47,1
455,51,48419,45486,24,440,Self-Employed,Single,2,0,0.23,1
456,30,76712,22154,36,316,Employed,Married,2,0,0.33,0
457,39,25505,24539,24,362,Self-Employed,Divorced,2,0,0.29,0
458,52,41408,16777,36,552,Unemployed,Single,4,0,0.59,0
459,21,62007,39396,48,764,Employed,Single,2,1,0.3,1
460,25,52689,35373,36,675,Self-Employed,Single,3,0,0.14,0
461,24,57992,38154,60,819,Self-Employed,Married,3,0,0.14,0
462,36,31192,11031,12,389,Self-Employed,Married,4,0,0.4,0
463,44,70652,32997,48,474,Employed,Single,1,0,0.4,1
464,36,61655,11439,48,375,Employed,Single,0,0,0.31,1
465,22,56024,27785,60,699,Employed,Married,1,0,0.32,1
466,48,39715,18392,36,370,Employed,Married,1,0,0.13,0
467,52,54857,33669,12,479,Employed,Single,1,0,0.36,1
468,47,45627,33939,36,423,Self-Employed,Married,1,0,0.35,0
469,40,25242,7282,24,680,Employed,Single,0,0,0.17,1
470,44,49243,39624,36,592,Employed,Single,2,0,0.15,1
471,32,47649,29364,48,494,Employed,Married,1,0,0.16,1
472,55,65936,6998,12,527,Self-Employed,Married,3,0,0.15,1
473,53,16483,36705,36,730,Employed,Married,4,0,0.4,1
474,53,53527,43244,12,735,Employed,Divorced,4,0,0.2,0
475,63,32666,14428,12,760,Employed,Married,3,0,0.23,0
476,57,54788,42437,24,320,Self-Employed,Married,1,0,0.19,1
477,32,55614,17336,24,363,Employed,Married,0,0,0.58,1
478,23,48697,14342,48,464,Employed,Married,2,0,0.53,1
479,21,62109,44832,60,326,Unemployed,Divorced,4,0,0.22,1
480,53,31313,12446,12,610,Self-Employed,Single,2,1,0.26,0
481,60,66615,43392,60,584,Unemployed,Divorced,0,1,0.2,1
482,30,39378,12461,48,580,Employed,Married,4,0,0.35,0
483,63,26661,39587,12,463,Employed,Married,2,0,0.11,0
484,64,45914,15516,12,523,Self-Employed,Single,0,0,0.44,0
485,49,18572,18749,60,445,Employed,Married,2,0,0.36,0
486,33,53812,22514,36,329,Self-Employed,Married,1,0,0.55,0
487,32,46111,40426,24,344,Employed,Single,0,0,0.18,0
488,51,68505,41268,36,770,Employed,Divorced,2,0,0.5,1
489,22,59733,29950,60,333,Employed,Single,1,0,0.5,1
490,55,29120,39888,24,726,Employed,Single,1,0,0.16,1
491,43,37424,41788,36,520,Employed,Married,0,0,0.3,0
492,37,57809,15213,24,833,Employed,Married,3,0,0.19,0
493,46,62706,41027,12,666,Unemployed,Married,4,0,0.23,0
494,28,68337,33011,36,849,Employed,Single,0,0,0.23,0
495,49,68217,47849,24,415,Employed,Divorced,1,0,0.38,1
496,46,48657,39591,24,538,Self-Employed,Single,1,0,0.31,1
497,30,55439,22858,24,634,Employed,Single,0,0,0.57,0
498,46,69481,23626,36,740,Employed,Single,3,0,0.16,0
499,54,45450,18467,48,447,Self-Employed,Married,4,0,0.59,1
500,61,55695,44758,36,308,Employed,Divorced,2,0,0.22,0
501,27,45096,8134,60,587,Self-Employed,Married,0,1,0.49,1
502,24,41735,21743,36,687,Self-Employed,Married,4,0,0.27,0
503,31,50725,20434,24,349,Unemployed,Single,4,0,0.17,1
504,49,39686,15233,12,816,Employed,Married,1,0,0.53,0
505,56,48036,6141,36,577,Employed,Married,2,1,0.25,0
506,45,34475,23019,36,599,Employed,Married,0,0,0.43,1
507,41,47150,25384,24,434,Employed,Single,1,1,0.38,1
508,56,56725,47903,12,446,Self-Employed,Married,1,0,0.34,1
509,30,41168,41129,12,789,Employed,Married,3,0,0.35,0
510,57,50139,27967,60,777,Employed,Married,4,1,0.47,1
511,29,52090,45603,36,458,Self-Employed,Married,0,0,0.14,1
512,44,56788,16172,12,683,Employed,Single,0,0,0.43,0
513,55,47996,21390,12,462,Employed,Married,0,0,0.55,1
514,55,66287,8267,48,740,Employed,Single,1,0,0.13,0
515,56,18486,44332,48,488,Self-Employed,Married,3,0,0.17,1
516,38,94066,31167,12,714,Employed,Married,2,0,0.46,0
517,59,36932,26312,60,638,Self-Employed,Single,1,0,0.32,0
518,52,56050,32840,12,480,Employed,Divorced,2,0,0.3,1
519,44,35922,23990,24,587,Self-Employed,Married,3,1,0.17,0
520,43,59664,49179,36,486,Self-Employed,Single,4,0,0.35,1
521,52,54148,10906,60,437,Employed,Married,0,0,0.16,0
522,57,40239,45379,24,429,Employed,Single,2,0,0.34,0
523,32,66096,22297,60,493,Employed,Married,1,0,0.48,0
524,33,47540,7011,24,615,Self-Employed,Married,2,0,0.23,0
525,43,58208,49014,36,443,Employed,Divorced,4,1,0.34,1
526,45,36242,16738,36,315,Employed,Married,0,0,0.6,1
527,55,49536,33797,48,601,Employed,Married,2,0,0.44,1
528,61,80051,16120,24,722,Employed,Married,4,0,0.52,1
529,50,64444,13767,48,544,Employed,Single,1,0,0.31,1
530,37,54614,27852,24,406,Employed,Married,3,1,0.48,1
531,40,43266,18703,48,387,Employed,Married,1,0,0.12,0
532,45,51012,5929,36,428,Self-Employed,Single,0,0,0.16,0
533,42,52963,16951,60,640,Employed,Married,1,0,0.2,0
534,33,56738,31039,48,303,Employed,Married,1,0,0.3,0
535,39,33850,34504,24,626,Unemployed,Married,1,0,0.52,1
536,56,60026,22438,24,709,Self-Employed,Single,1,0,0.27,1
537,32,33656,10744,36,605,Unemployed,Single,0,0,0.43,1
538,61,74466,23284,24,524,Employed,Single,4,0,0.45,0
539,39,38425,47417,12,647,Employed,Married,2,0,0.39,1
540,32,54449,44748,60,620,Employed,Single,3,1,0.28,1
541,29,65077,12069,48,480,Self-Employed,Married,2,1,0.39,1
542,27,46214,47359,60,685,Employed,Single,2,0,0.27,1
543,48,55109,24799,36,407,Employed,Married,3,0,0.14,0
544,34,71527,38210,48,830,Employed,Single,0,0,0.6,0
545,51,58466,33226,48,709,Employed,Married,3,0,0.16,1
546,39,55333,9652,12,595,Employed,Single,0,0,0.14,0
547,36,24728,29323,36,470,Employed,Married,2,0,0.54,1
548,25,35994,47138,24,630,Employed,Single,0,1,0.25,1
549,55,65703,12597,12,792,Employed,Married,4,1,0.43,1
550,32,58549,42226,12,494,Unemployed,Married,3,0,0.26,1
551,45,60821,11591,60,311,Self-Employed,Single,4,0,0.3,0
552,41,59530,30833,60,494,Unemployed,Married,2,0,0.23,0
553,56,69346,16826,60,789,Self-Employed,Married,3,0,0.27,0
554,43,46079,31417,12,481,Employed,Single,2,0,0.31,0
555,36,51807,23693,24,615,Employed,Married,4,0,0.46,0
556,59,34569,19138,48,329,Employed,Single,2,1,0.36,0
557,62,30829,7169,60,395,Employed,Married,3,0,0.57,1
558,59,25343,23556,24,680,Employed,Married,3,0,0.12,0
559,34,36722,27052,36,743,Employed,Single,2,0,0.35,1
560,51,73288,11313,60,597,Employed,Married,3,0,0.39,0
561,25,26709,13315,48,660,Employed,Married,3,0,0.56,1
562,55,45446,13036,36,673,Employed,Divorced,2,1,0.12,0
563,43,30602,36778,36,602,Employed,Married,4,0,0.39,0
564,49,40985,32734,48,720,Self-Employed,Divorced,3,0,0.53,0
565,63,52545,28173,60,545,Employed,Married,3,0,0.22,1
566,31,39498,35403,12,536,Employed,Single,3,0,0.54,0
567,38,66344,5785,48,833,Employed,Married,3,0,0.11,0
568,32,73009,11139,48,484,Employed,Married,2,0,0.47,0
569,29,16263,11344,48,767,Employed,Married,4,0,0.57,1
570,30,39755,23800,36,662,Employed,Married,4,0,0.43,0
571,64,50887,30372,24,582,Employed,Married,0,0,0.32,0
572,37,66891,25538,12,635,Employed,Married,3,0,0.12,0
573,58,43186,19973,60,461,Unemployed,Married,3,0,0.56,0
574,27,49700,10619,60,459,Unemployed,Single,0,0,0.34,1
575,33,32648,39704,24,773,Employed,Married,4,0,0.11,0
576,60,27008,41575,48,621,Employed,Married,1,0,0.44,1
577,62,71680,44919,12,311,Self-Employed,Single,1,0,0.34,0
578,29,22638,47261,60,723,Employed,Married,4,0,0.16,1
579,47,84929,32716,60,372,Employed,Married,3,0,0.21,1
580,22,60877,8236,48,500,Employed,Single,1,0,0.13,0
581,25,60199,20848,24,821,Unemployed,Single,2,0,0.39,0
582,49,58632,7352,12,804,Employed,Single,2,0,0.41,0
583,57,46209,6932,24,338,Employed,Divorced,0,0,0.35,0
584,58,55881,15913,24,359,Self-Employed,Single,4,0,0.51,1
585,39,47166,13556,12,620,Employed,Single,4,0,0.53,1
586,28,58296,26300,12,734,Employed,Married,1,0,0.41,1
587,21,49494,10498,60,707,Unemployed,Single,3,0,0.11,0
588,42,35744,15582,60,685,Employed,Single,4,1,0.45,1
589,37,36941,14569,12,377,Employed,Single,1,0,0.31,1
590,27,35235,9857,36,493,Employed,Married,1,0,0.38,0
591,45,64563,5340,60,584,Employed,Married,4,0,0.42,1
592,24,40738,48949,36,826,Employed,Single,1,0,0.28,0
593,56,21318,21766,12,823,Employed,Married,0,0,0.56,0
594,26,55952,31132,60,455,Employed,Divorced,0,0,0.17,1
595,51,72717,13491,24,639,Self-Employed,Single,4,1,0.44,1
596,39,61596,5138,12,424,Employed,Single,3,1,0.1,1
597,64,40950,5358,48,579,Employed,Single,0,0,0.56,1
598,59,26197,14714,36,427,Employed,Married,0,0,0.16,0
599,47,47985,24840,12,613,Self-Employed,Married,4,0,0.15,0
600,30,47611,39395,12,631,Employed,Single,2,0,0.27,1
601,46,35462,35654,60,449,Employed,Married,1,0,0.29,0
602,39,58265,30879,60,753,Employed,Single,0,0,0.21,0
603,59,77699,20996,60,335,Employed,Married,2,0,0.39,1
604,23,53334,42772,48,719,Employed,Married,3,0,0.32,0
605,33,52407,31762,60,321,Self-Employed,Single,2,0,0.12,1
606,48,35941,18283,12,505,Employed,Married,4,1,0.26,0
607,40,70961,44420,60,655,Employed,Single,3,0,0.51,1
608,48,48872,24554,24,739,Employed,Married,3,0,0.44,1
609,28,41315,25219,60,395,Self-Employed,Single,2,0,0.46,0
610,61,50955,39919,48,463,Employed,Married,4,0,0.45,0
611,59,57079,14429,24,447,Employed,Single,0,0,0.26,0
612,21,52088,49695,12,829,Employed,Married,2,0,0.15,0
613,23,68092,44673,12,593,Employed,Single,0,0,0.24,0
614,33,55759,24218,36,494,Employed,Married,2,0,0.52,1
615,48,45740,17452,24,779,Employed,Single,0,0,0.59,1
616,45,56017,23951,36,422,Employed,Divorced,2,0,0.35,0
617,53,57494,6307,24,699,Employed,Single,3,0,0.1,0
618,58,30554,19852,24,751,Employed,Single,1,0,0.17,0
619,26,67241,30232,48,403,Employed,Married,3,0,0.26,0
620,64,45486,40428,36,761,Employed,Single,0,0,0.39,0
621,52,45870,48171,48,695,Self-Employed,Single,4,0,0.14,0
622,41,61270,31485,24,636,Unemployed,Divorced,3,1,0.57,1
623,36,61207,15238,12,441,Unemployed,Divorced,1,0,0.28,1
624,41,39487,43975,24,616,Self-Employed,Single,0,0,0.56,1
625,31,62043,6140,48,826,Employed,Divorced,3,0,0.49,0
626,57,41593,29842,36,700,Self-Employed,Married,2,0,0.48,1
627,56,77293,31421,36,609,Employed,Single,4,0,0.4,0
628,55,37577,6708,48,794,Employed,Married,0,1,0.41,1
629,39,53592,8630,36,408,Employed,Married,3,0,0.42,0
630,40,38269,24595,60,671,Employed,Divorced,0,0,0.41,0
631,38,83340,15485,12,505,Self-Employed,Single,2,0,0.38,0
632,61,31432,33308,12,342,Employed,Married,1,0,0.59,1
633,34,57865,49789,12,544,Employed,Single,3,1,0.47,1
634,35,38976,31086,36,586,Unemployed,Single,0,0,0.49,0
635,51,44688,21859,36,654,Employed,Single,0,0,0.54,0
636,21,56803,12684,24,775,Employed,Divorced,0,0,0.21,0
637,23,68368,30552,24,382,Unemployed,Married,1,0,0.14,1
638,36,74350,6207,12,409,Employed,Married,0,0,0.34,1
639,43,26945,6960,60,489,Employed,Married,4,0,0.36,0
640,31,54016,5557,24,550,Employed,Single,4,0,0.51,0
641,32,71892,34689,24,590,Employed,Single,0,0,0.32,1
642,30,24720,18893,36,500,Self-Employed,Single,4,0,0.39,1
643,52,54715,37272,60,625,Employed,Single,3,0,0.36,1
644,36,49968,5882,12,810,Employed,Married,4,0,0.12,0
645,28,56218,42529,24,708,Employed,Married,0,0,0.41,0
646,58,38415,43635,60,807,Employed,Single,2,0,0.51,0
647,32,28465,34535,60,371,Unemployed,Single,3,1,0.18,1
648,44,21303,17869,12,546,Employed,Single,1,0,0.4,0
649,48,64645,12166,60,643,Employed,Married,0,1,0.4,1
650,28,66560,17982,60,353,Employed,Divorced,1,1,0.18,0
651,48,54540,45697,60,827,Employed,Married,2,0,0.16,1
652,56,41987,43115,24,831,Unemployed,Married,1,0,0.59,0
653,46,25654,12269,12,492,Employed,Married,0,0,0.3,1
654,28,58450,33064,60,357,Employed,Single,0,0,0.21,1
655,48,33488,18527,60,736,Employed,Single,2,0,0.19,0
656,48,39330,7454,24,410,Self-Employed,Married,0,0,0.43,1
657,57,41201,25878,12,428,Employed,Married,2,0,0.4,1
658,61,47036,17991,36,625,Self-Employed,Single,2,0,0.42,0
659,56,38614,7808,24,307,Employed,Married,0,0,0.14,0
660,47,50501,44410,12,328,Self-Employed,Married,4,0,0.55,1
661,37,40672,41593,60,411,Employed,Married,2,0,0.29,0
662,29,60520,41304,12,430,Employed,Divorced,0,0,0.26,0
663,53,65465,35386,12,487,Employed,Married,4,0,0.33,0
664,40,51628,8802,12,774,Employed,Married,2,0,0.3,0
665,33,56939,33753,36,663,Unemployed,Single,4,1,0.53,1
666,48,81767,26083,12,503,Self-Employed,Single,3,0,0.56,0
667,49,32410,23354,36,511,Employed,Single,3,0,0.25,1
668,33,31497,27190,60,575,Employed,Single,4,0,0.53,1
669,55,60424,11142,36,372,Employed,Married,2,0,0.49,1
670,26,79198,33398,60,542,Self-Employed,Married,0,0,0.57,1
671,38,46092,46862,60,401,Employed,Single,1,1,0.22,1
672,25,75902,38132,36,470,Employed,Married,0,0,0.39,1
673,45,51446,24503,24,487,Employed,Single,1,1,0.24,1
674,22,39786,39631,48,740,Employed,Single,1,0,0.51,0
675,30,35139,21499,12,385,Employed,Single,2,0,0.1,1
676,50,59441,44852,48,775,Employed,Single,4,0,0.38,1
677,25,36275,13016,12,351,Employed,Single,0,1,0.27,1
678,53,51219,7384,12,410,Unemployed,Married,4,0,0.26,0
679,21,73751,20072,60,342,Employed,Married,3,0,0.42,0
680,38,45398,41703,12,510,Employed,Divorced,2,0,0.53,0
681,52,69710,19482,12,499,Employed,Single,2,0,0.4,0
682,31,31781,45510,36,325,Self-Employed,Single,3,0,0.53,1
683,41,41991,26826,48,598,Employed,Single,0,1,0.23,1
684,46,28892,7490,36,376,Employed,Married,3,0,0.36,0
685,45,51094,30518,12,436,Employed,Single,0,0,0.33,1
686,42,61701,29045,60,319,Employed,Married,1,0,0.11,1
687,47,51127,31910,36,739,Employed,Married,2,0,0.38,0
688,33,68405,29566,36,510,Self-Employed,Married,0,0,0.43,1
689,53,38762,38905,24,734,Self-Employed,Married,4,0,0.4,0
690,54,53380,32103,12,506,Employed,Single,4,0,0.47,1
691,61,42087,41188,60,738,Employed,Single,2,0,0.39,0
692,55,55425,10845,36,341,Unemployed,Single,3,1,0.13,1
693,21,57556,26162,36,710,Employed,Married,3,1,0.16,1
694,41,58735,41674,60,822,Self-Employed,Single,0,0,0.4,1
695,26,33941,24337,12,726,Employed,Single,3,0,0.24,1
696,48,36653,27313,24,574,Unemployed,Divorced,2,1,0.14,1
697,37,39435,31943,36,747,Self-Employed,Single,0,0,0.31,0
698,25,46416,17413,24,668,Unemployed,Married,1,0,0.38,0
699,51,51307,5276,48,519,Employed,Married,3,1,0.26,1
700,25,60621,22611,12,531,Employed,Single,3,0,0.46,0
701,58,37278,44105,48,627,Unemployed,Single,0,0,0.42,0
702,23,25984,16944,48,742,Employed,Single,4,0,0.27,0
703,43,82336,20906,48,351,Employed,Married,3,0,0.48,1
704,57,33028,25536,12,675,Self-Employed,Married,2,0,0.42,1
705,57,62544,32810,12,562,Self-Employed,Married,3,0,0.42,1
706,30,50469,17306,60,566,Unemployed,Divorced,1,0,0.38,1
707,30,53769,15503,24,658,Employed,Married,3,0,0.11,1
708,39,49976,24225,24,616,Self-Employed,Single,4,0,0.45,1
709,37,44227,41976,60,623,Self-Employed,Single,3,0,0.29,1
710,41,56959,16590,60,720,Employed,Married,0,0,0.57,0
711,34,43421,15886,48,345,Employed,Single,3,0,0.51,1
712,29,67494,17866,60,568,Employed,Single,4,0,0.39,1
713,21,58526,6088,36,680,Employed,Married,0,0,0.23,0
714,33,58993,8363,24,417,Unemployed,Married,2,0,0.2,0
715,24,42393,37792,60,415,Employed,Divorced,0,0,0.27,1
716,21,46454,14764,36,559,Self-Employed,Married,1,0,0.34,1
717,60,32181,25620,36,374,Unemployed,Single,0,0,0.25,1
718,52,44704,47727,36,779,Employed,Divorced,2,0,0.36,0
719,54,34451,17935,36,604,Self-Employed,Single,3,0,0.18,1
720,48,69696,13068,48,306,Employed,Single,0,0,0.59,0
721,51,50758,12295,36,665,Self-Employed,Married,0,1,0.15,1
722,28,52557,46160,48,822,Employed,Single,0,0,0.57,1
723,59,46622,16390,48,647,Unemployed,Married,0,0,0.56,0
724,46,52963,46216,36,737,Employed,Single,2,0,0.36,1
725,54,86973,25131,24,514,Employed,Married,4,0,0.46,1
726,23,45497,34218,36,728,Self-Employed,Single,4,1,0.32,1
727,32,40243,15433,36,797,Employed,Married,0,0,0.42,0
728,21,57945,20038,36,839,Employed,Married,2,0,0.27,1
729,64,12114,33182,24,666,Employed,Single,2,0,0.25,0
730,25,50959,16528,12,612,Self-Employed,Single,0,0,0.39,1
731,50,44424,26281,12,837,Employed,Single,1,0,0.35,1
732,50,35115,13605,48,353,Employed,Single,0,0,0.39,0
733,37,57616,39782,48,840,Employed,Married,1,0,0.24,1
734,43,50809,6381,24,766,Employed,Married,0,0,0.28,0
735,35,22963,6098,60,463,Employed,Single,1,0,0.14,1
736,57,40302,24810,12,633,Employed,Single,1,0,0.13,0
737,41,6675,29322,48,846,Employed,Single,0,0,0.23,0
738,34,54399,46869,12,647,Employed,Married,1,0,0.14,1
739,22,54249,37955,24,572,Employed,Single,3,0,0.15,1
740,31,38100,49716,24,713,Self-Employed,Divorced,4,0,0.51,1
741,59,58101,15207,60,799,Employed,Married,2,0,0.12,0
742,58,30762,26793,60,392,Employed,Single,1,1,0.43,1
743,54,35502,7092,24,378,Employed,Married,1,0,0.24,0
744,58,56257,33220,48,516,Employed,Divorced,2,0,0.54,1
745,54,39669,23514,12,657,Self-Employed,Married,1,0,0.34,1
746,38,49060,43010,36,806,Employed,Single,2,0,0.25,0
747,50,41545,13549,60,480,Employed,Single,0,0,0.36,1
748,35,43836,27031,36,545,Employed,Married,3,0,0.29,1
749,47,44491,10185,48,543,Employed,Married,3,0,0.38,1
750,54,39398,20271,60,805,Employed,Married,4,0,0.16,1
751,58,54536,10776,36,721,Employed,Married,1,0,0.6,1
752,53,40581,17449,48,619,Employed,Married,4,0,0.31,1
753,44,50235,29297,12,386,Unemployed,Divorced,0,0,0.27,1
754,35,39069,45591,48,516,Employed,Single,3,0,0.46,0
755,50,26985,20717,60,789,Employed,Married,0,0,0.28,1
756,62,63686,45123,24,818,Unemployed,Married,0,0,0.52,0
757,37,57492,44233,12,577,Self-Employed,Married,1,0,0.33,0
758,25,84330,15350,36,468,Employed,Married,0,0,0.46,1
759,49,34340,35622,60,629,Self-Employed,Single,3,0,0.15,1
760,24,46865,40323,24,740,Self-Employed,Married,4,1,0.52,1
761,30,48072,7951,48,690,Employed,Married,3,0,0.47,0
762,37,64840,22622,24,795,Employed,Single,1,1,0.21,1
763,30,42393,9727,60,680,Employed,Married,3,1,0.17,0
764,37,32434,43454,60,605,Unemployed,Single,2,0,0.26,1
765,40,68117,41469,24,812,Employed,Single,4,0,0.59,1
766,44,45250,40548,48,487,Employed,Single,2,0,0.23,1
767,25,63179,28782,24,815,Self-Employed,Married,2,0,0.33,1
768,54,61432,33454,60,726,Employed,Married,1,0,0.12,1
769,26,49551,7368,60,801,Employed,Married,0,0,0.3,0
770,22,47385,20592,36,559,Employed,Married,2,0,0.39,0
771,33,44126,27173,36,812,Employed,Married,3,1,0.58,0
772,63,49772,38204,12,370,Self-Employed,Single,0,0,0.36,0
773,63,62946,40596,60,777,Employed,Single,3,0,0.51,0
774,31,38053,39324,36,477,Self-Employed,Married,3,0,0.37,1
775,43,51632,28864,24,756,Employed,Single,0,1,0.12,0
776,36,33220,35750,48,488,Employed,Divorced,0,0,0.26,1
777,51,35088,15576,24,590,Unemployed,Married,3,0,0.39,0
778,31,49535,21566,48,819,Employed,Married,1,0,0.58,0
779,36,20597,12190,36,591,Employed,Divorced,4,0,0.53,0
780,28,80908,28071,12,582,Employed,Single,4,0,0.21,1
781,24,32104,43333,24,843,Self-Employed,Single,1,0,0.21,0
782,60,49398,20369,24,676,Employed,Married,0,0,0.2,0
783,24,67523,29035,24,455,Employed,Single,3,0,0.56,1
784,45,37056,6589,48,807,Employed,Divorced,4,0,0.53,0
785,23,15459,30235,36,712,Employed,Single,3,1,0.49,1
786,52,43325,5159,24,827,Self-Employed,Married,1,0,0.3,0
787,23,36877,17145,24,654,Employed,Married,3,1,0.35,1
788,47,15854,20373,12,486,Employed,Married,1,0,0.33,0
789,49,54273,36921,12,330,Employed,Single,0,0,0.23,1
790,52,53106,44323,36,559,Employed,Single,1,0,0.35,0
791,39,67134,21237,36,720,Unemployed,Married,1,0,0.12,0
792,41,33187,46971,60,828,Employed,Single,4,0,0.17,1
793,25,26012,13244,12,603,Unemployed,Married,3,0,0.54,1
794,38,43899,19743,60,338,Employed,Married,4,0,0.48,0
795,48,48674,36566,48,788,Employed,Married,2,0,0.31,1
796,62,63820,23691,60,841,Self-Employed,Married,1,0,0.36,0
797,42,71158,38996,24,577,Employed,Single,2,0,0.28,0
798,41,68217,10590,60,502,Self-Employed,Married,4,0,0.47,0
799,26,54148,10585,36,365,Unemployed,Married,3,0,0.49,1
800,21,61992,14227,48,407,Employed,Married,4,0,0.48,1
801,25,40392,33278,24,567,Employed,Divorced,3,0,0.46,1
802,61,52525,43814,60,521,Self-Employed,Married,3,0,0.2,0
803,32,32130,17237,48,829,Employed,Single,0,0,0.27,0
804,46,50940,20649,48,389,Employed,Single,1,0,0.33,1
805,54,51329,42713,24,554,Employed,Divorced,4,0,0.27,0
806,34,75831,12927,60,754,Employed,Single,3,0,0.48,0
807,46,46565,12016,48,552,Self-Employed,Married,4,0,0.26,0
808,47,51350,19027,48,556,Employed,Married,4,0,0.17,1
809,29,53554,29142,12,682,Employed,Single,3,1,0.3,1
810,46,43177,28545,48,741,Employed,Single,2,0,0.59,0
811,42,37962,36897,12,389,Employed,Married,1,0,0.21,0
812,50,69482,8167,60,689,Employed,Single,1,1,0.41,1
813,63,35286,49757,60,343,Self-Employed,Married,0,1,0.32,1
814,37,30081,31917,60,318,Employed,Married,0,0,0.14,1
815,46,60203,27736,36,400,Self-Employed,Married,0,0,0.34,1
816,56,67367,32990,60,656,Self-Employed,Married,1,1,0.45,0
817,21,43228,19087,48,841,Employed,Single,2,0,0.36,1
818,28,43459,27440,24,332,Employed,Married,1,1,0.54,1
819,55,54238,40205,12,528,Employed,Single,1,0,0.24,1
820,35,39382,20275,36,823,Employed,Single,1,0,0.14,0
821,42,38274,10276,60,454,Self-Employed,Married,1,0,0.57,1
822,34,63193,46627,60,722,Self-Employed,Married,2,0,0.29,1
823,46,59106,45586,24,545,Employed,Single,0,0,0.39,0
824,48,69667,42496,24,704,Employed,Married,4,1,0.5,1
825,43,31211,24008,36,840,Unemployed,Married,0,0,0.26,1
826,34,42463,10738,12,460,Unemployed,Single,0,0,0.46,1
827,44,54217,37402,60,416,Employed,Single,4,0,0.17,0
828,22,36115,10793,36,570,Employed,Divorced,1,0,0.25,0
829,46,59625,42291,48,786,Employed,Married,2,0,0.17,0
830,34,68369,10571,48,471,Unemployed,Married,2,0,0.51,1
831,27,41249,36331,36,573,Employed,Married,0,0,0.21,1
832,23,50578,21209,60,558,Employed,Single,4,0,0.46,1
833,43,71834,30394,36,434,Employed,Married,3,0,0.57,1
834,63,76989,48148,60,721,Employed,Married,1,0,0.36,1
835,38,61187,30682,24,720,Employed,Married,0,1,0.37,1
836,58,58901,7224,36,485,Unemployed,Single,2,0,0.33,0
837,55,37193,46157,60,663,Employed,Single,4,0,0.26,1
838,35,55388,49452,36,677,Employed,Single,4,0,0.34,1
839,45,58352,48408,36,822,Employed,Divorced,0,0,0.4,1
840,57,46844,37441,60,495,Employed,Married,3,0,0.59,1
841,48,41078,46430,60,397,Employed,Married,2,0,0.57,1
842,30,30780,44129,12,321,Employed,Single,0,0,0.53,1
843,59,23934,39716,36,749,Employed,Single,3,0,0.54,1
844,37,20781,49859,48,471,Employed,Married,4,0,0.33,1
845,59,58691,31586,36,682,Employed,Married,1,0,0.43,0
846,42,52215,49760,36,433,Employed,Married,2,0,0.55,1
847,46,42742,28478,60,725,Unemployed,Single,2,0,0.3,0
848,64,45028,11318,36,324,Unemployed,Married,3,0,0.58,0
849,45,53157,33694,36,802,Employed,Single,0,0,0.31,0
850,37,47531,25180,48,484,Employed,Single,4,1,0.4,1
851,33,29891,17180,60,384,Unemployed,Married,3,1,0.45,1
852,40,63695,38002,36,443,Employed,Single,1,0,0.58,1
853,45,54561,20372,24,711,Self-Employed,Single,1,0,0.22,1
854,24,53988,34796,12,523,Unemployed,Married,1,0,0.47,1
855,30,62563,29427,48,519,Employed,Married,3,1,0.36,1
856,23,37795,38290,36,478,Employed,Married,4,0,0.23,1
857,61,68205,33099,24,732,Unemployed,Married,2,0,0.49,0
858,38,47899,14821,36,564,Employed,Single,0,0,0.38,0
859,56,63328,10832,36,728,Employed,Single,2,0,0.43,0
860,42,61016,17820,60,715,Employed,Divorced,4,1,0.26,0
861,54,34417,21211,60,752,Employed,Married,2,0,0.34,0
862,28,57543,44890,60,496,Employed,Married,3,0,0.41,1
863,60,54894,10842,24,352,Self-Employed,Single,1,0,0.3,1
864,64,50454,6316,36,779,Unemployed,Married,4,0,0.2,0
865,39,48584,22508,12,742,Employed,Single,4,0,0.58,1
866,62,48711,27005,48,629,Employed,Married,2,0,0.36,0
867,61,62190,20206,60,550,Employed,Divorced,3,1,0.47,1
868,57,58668,23971,60,422,Employed,Divorced,2,0,0.31,0
869,26,50457,30599,36,686,Employed,Married,2,0,0.28,1
870,46,27620,27056,36,638,Unemployed,Married,4,1,0.3,1
871,54,57416,6378,24,647,Self-Employed,Divorced,2,0,0.3,1
872,26,60854,6519,24,328,Employed,Married,1,0,0.37,1
873,57,84506,27161,60,334,Employed,Single,2,0,0.37,0
874,53,66131,45703,36,817,Employed,Married,1,0,0.35,0
875,42,21512,43861,12,695,Employed,Single,4,0,0.17,1
876,41,51176,10355,48,593,Employed,Married,3,1,0.35,1
877,26,77170,14083,36,648,Employed,Married,1,0,0.18,1
878,26,59353,43342,36,446,Unemployed,Married,3,0,0.16,1
879,24,54929,25456,24,366,Employed,Single,3,0,0.57,1
880,50,63503,18324,48,819,Employed,Single,1,0,0.4,0
881,31,40664,7257,60,421,Self-Employed,Married,4,0,0.43,1
882,50,57171,32364,36,639,Employed,Married,0,0,0.3,0
883,51,46242,29972,60,474,Employed,Married,3,1,0.55,1
884,44,49705,31654,36,750,Employed,Single,3,0,0.42,1
885,29,62426,20233,60,435,Employed,Divorced,4,0,0.48,1
886,23,36099,20887,48,315,Self-Employed,Divorced,4,0,0.28,1
887,51,69319,34320,24,632,Employed,Single,2,0,0.58,0
888,60,43657,25808,48,494,Self-Employed,Single,4,0,0.51,1
889,57,53909,35154,12,795,Employed,Married,3,0,0.53,0
890,56,28992,39773,24,308,Employed,Married,1,0,0.19,1
891,44,60797,32747,48,633,Self-Employed,Divorced,0,0,0.24,0
892,51,71697,15860,12,632,Employed,Married,2,0,0.24,0
893,26,42280,47838,36,626,Employed,Married,1,0,0.24,1
894,22,33346,47156,36,314,Employed,Married,0,0,0.53,1
895,40,54169,23156,60,525,Employed,Single,0,0,0.12,0
896,48,71822,25360,24,724,Employed,Single,0,0,0.14,0
897,31,28252,23135,36,707,Employed,Married,1,0,0.24,0
898,24,33405,30351,24,412,Employed,Married,2,0,0.2,1
899,35,43187,35499,36,727,Employed,Married,2,0,0.22,1
900,26,37694,28554,60,300,Unemployed,Married,0,0,0.5,1
901,50,37742,24604,48,565,Employed,Single,1,0,0.38,0
902,58,18588,21923,60,790,Self-Employed,Married,0,0,0.1,0
903,22,58835,13547,12,507,Employed,Single,4,0,0.31,1
904,35,55080,49283,36,668,Employed,Married,2,0,0.3,1
905,31,24517,38002,12,605,Self-Employed,Married,3,0,0.16,1
906,28,71857,19562,12,311,Employed,Married,0,1,0.44,1
907,46,75216,12480,24,644,Self-Employed,Divorced,4,0,0.45,1
908,64,38736,31672,36,764,Employed,Single,2,0,0.46,0
909,25,67498,9213,12,793,Employed,Married,1,0,0.46,1
910,26,41405,15293,48,667,Employed,Single,2,1,0.1,0
911,46,52716,39441,12,719,Employed,Married,1,0,0.58,1
912,24,37463,7100,48,470,Self-Employed,Married,1,0,0.51,0
913,39,83213,49617,24,433,Employed,Married,0,1,0.55,1
914,40,45559,33172,12,726,Unemployed,Married,0,0,0.11,0
915,53,51896,25132,60,324,Unemployed,Single,2,0,0.57,1
916,40,39680,23199,24,829,Employed,Married,4,0,0.5,1
917,32,77919,41609,48,489,Employed,Single,2,0,0.52,1
918,21,78299,47965,24,440,Self-Employed,Married,3,0,0.15,0
919,46,74463,13016,12,614,Unemployed,Single,1,0,0.47,1
920,34,64346,44779,36,743,Employed,Single,1,0,0.58,0
921,58,40628,42261,36,618,Employed,Married,0,0,0.44,1
922,57,62417,36881,48,740,Employed,Divorced,4,0,0.39,0
923,31,49894,22058,48,391,Employed,Single,0,0,0.57,1
924,56,69686,29472,36,478,Employed,Single,3,0,0.32,1
925,33,66738,46346,48,355,Self-Employed,Married,2,1,0.4,1
926,63,40261,39926,24,454,Employed,Single,2,0,0.34,1
927,23,64217,39832,60,410,Employed,Single,4,0,0.57,1
928,53,60230,41021,60,436,Employed,Married,0,0,0.14,1
929,26,8396,29087,24,531,Employed,Single,0,0,0.35,0
930,30,62014,17828,60,767,Employed,Divorced,3,0,0.44,0
931,25,43523,36128,12,780,Employed,Married,2,0,0.5,0
932,43,36709,6401,24,367,Employed,Married,0,0,0.39,0
933,30,37351,24643,48,548,Employed,Divorced,4,0,0.55,0
934,64,47971,20193,24,622,Employed,Married,2,0,0.57,0
935,22,57200,31853,36,817,Unemployed,Single,3,0,0.13,0
936,33,29518,49864,48,731,Employed,Single,4,0,0.3,1
937,60,52847,25307,36,786,Employed,Married,1,0,0.11,1
938,22,58651,41982,48,728,Employed,Single,3,0,0.26,0
939,40,77927,24611,60,568,Unemployed,Divorced,4,0,0.37,0
940,21,33849,48791,24,836,Employed,Married,0,0,0.56,1
941,57,44755,16950,12,447,Employed,Single,1,0,0.52,1
942,29,53924,15704,48,417,Self-Employed,Married,3,0,0.16,0
943,37,67211,48111,48,666,Employed,Married,0,1,0.15,1
944,29,45436,16867,36,365,Employed,Divorced,1,0,0.39,0
945,31,67979,7745,60,669,Employed,Married,2,0,0.37,1
946,35,20939,8866,36,474,Employed,Married,0,1,0.23,1
947,44,31199,37245,36,794,Employed,Married,4,0,0.55,1
948,58,55229,49724,60,413,Self-Employed,Married,3,0,0.56,1
949,55,28837,10818,12,410,Employed,Married,1,0,0.3,1
950,50,32382,35116,36,738,Self-Employed,Single,0,0,0.55,0
951,51,42083,20493,36,446,Employed,Single,2,0,0.29,1
952,25,61571,33038,48,334,Self-Employed,Married,3,0,0.47,1
953,64,21560,25447,60,608,Employed,Single,3,0,0.34,0
954,34,52554,35431,24,837,Employed,Single,0,0,0.16,0
955,31,65494,22908,12,313,Employed,Married,2,0,0.56,0
956,29,47075,34336,12,673,Unemployed,Single,1,0,0.33,1
957,54,44467,45992,60,727,Employed,Married,0,0,0.47,0
958,32,56026,9025,48,532,Employed,Married,1,0,0.28,0
959,55,47118,25093,48,739,Employed,Divorced,3,0,0.11,1
960,55,70857,11155,60,801,Employed,Married,1,0,0.15,0
961,21,33328,38487,48,574,Employed,Single,2,0,0.35,0
962,60,49225,25963,12,375,Employed,Married,4,0,0.44,1
963,42,53085,25936,12,738,Employed,Married,2,0,0.27,0
964,49,44323,9426,24,588,Employed,Divorced,1,0,0.45,0
965,28,6930,28303,60,839,Employed,Married,0,0,0.45,0
966,31,47586,32606,36,552,Employed,Single,3,0,0.45,1
967,61,63502,33151,36,425,Self-Employed,Divorced,4,0,0.35,1
968,57,61671,18767,24,476,Employed,Single,0,0,0.56,0
969,34,55321,16308,24,336,Employed,Married,0,0,0.34,1
970,50,33532,49245,48,709,Employed,Married,2,0,0.33,0
971,55,55929,29770,24,426,Unemployed,Single,1,1,0.2,0
972,41,41398,33572,24,782,Unemployed,Single,2,0,0.25,0
973,57,55302,46448,36,467,Self-Employed,Single,1,1,0.12,1
974,25,51822,7204,48,593,Employed,Married,2,1,0.42,1
975,39,35354,32233,24,642,Employed,Divorced,0,0,0.22,0
976,34,36613,26729,24,609,Employed,Single,3,0,0.25,0
977,46,55325,36131,48,827,Employed,Married,1,0,0.49,1
978,24,46683,38870,60,839,Employed,Single,4,1,0.26,1
979,45,37395,43011,48,718,Self-Employed,Married,4,0,0.22,0
980,62,36157,44382,36,743,Self-Employed,Single,0,1,0.18,1
981,45,45442,46475,60,535,Self-Employed,Divorced,2,0,0.49,0
982,38,73521,26607,12,738,Employed,Married,2,0,0.16,0
983,60,42108,29968,48,513,Employed,Married,0,0,0.33,0
984,28,49789,38398,36,384,Employed,Married,4,0,0.35,1
985,59,51524,16908,60,384,Employed,Married,4,0,0.44,0
986,60,33034,31423,48,788,Self-Employed,Divorced,2,0,0.42,1
987,34,23557,48615,24,364,Employed,Married,1,0,0.51,1
988,52,34600,14171,48,363,Employed,Divorced,3,0,0.12,1
989,58,53706,17721,12,642,Employed,Married,1,0,0.25,0
990,53,51309,21616,48,651,Employed,Single,4,0,0.24,0
991,43,60536,47512,60,457,Self-Employed,Married,1,0,0.17,1
992,35,51451,43458,60,790,Employed,Single,3,0,0.24,0
993,53,48356,12659,48,762,Self-Employed,Married,1,0,0.25,0
994,45,40939,48369,60,524,Employed,Married,1,0,0.36,1
995,37,63269,16704,24,612,Employed,Married,1,0,0.43,1
996,53,36212,37793,48,765,Self-Employed,Single,1,0,0.29,0
997,22,33344,36226,24,387,Employed,Single,0,0,0.46,0
998,34,58505,28852,24,602,Unemployed,Married,4,0,0.27,0
999,60,30002,37082,36,734,Employed,Divorced,3,0,0.25,1
1000,60,86221,27794,48,434,Employed,Single,4,0,0.37,0
